location,startTime,crs,sbc,likes,most_recent_instructor,id,day,past_instructors,endTime,sctn,credits,subj,avgGrade,cmp,recent_two_instructors,semesters,courseTitle,classNbr
"{C103/B203, B203, C107/C105, C105/B203}","5:00 PM, 5:00 PM, 5:00 PM, 10:30 AM/5:00 PM",210,STEM+,0,?,6436c2637efba14cf3f8ffdd,"MW/TUTH, MW, MW/TUTH, MW",{},"6:20 PM, 6:20 PM, 6:20 PM, 11:50 AM/6:20 PM","90/91, 90/91, 90/91, 90/91",3,AMS,0,LEC,{},?,Applied Linear Algebra,"95396, 56196, 92222/97191, 52116/52352"
"{B103, B207, C103, B105}","5:00 PM, 5:00 PM, 5:00 PM, 9:00 AM",301,STEM+,0,?,6436c2637efba14cf3f8ffe0,"MW, MW, MW, MW",{},"6:20 PM, 6:20 PM, 6:20 PM, 10:20 AM",90,3,AMS,0,LEC,{},?,Finite Mathematical Structures,"95399, 92225, 52123"
"{A115, A313}","10:30 AM, 10:30 AM",394,CER; ESI; EXP+,0,?,6436c2647efba14cf3f8ffe6,"TUTH, TUTH",{},"11:50 AM, 11:50 AM","L90, 90",3,AMS,0,"LAB, LEC",{},?,Statistical Laboratory,"95588, 92354"
"{-, -, -, -}","-, -, -, -",487,EXP+; WRTD,0,?,6436c2647efba14cf3f8ffec,"APPT, APPT, APPT, APPT",{},"-, -, -, -",,0 to 3,AMS,0,TUT,{},?,Research in Applied Mathematic,
{A312},2:00 PM,570,NaN,0,?,6436c2a13023723180f7eb73,MW,{},3:20 PM,90,3,AMS,0,LEC,{},?,Introduction to Mathematical Statistics,54845
{B314},5:00 PM,578,NaN,0,?,6436c2a13023723180f7eb76,TUTH,{},6:20 PM,90,3,AMS,0,LEC,{},?,Regression Theory,54847
"{B103, B204, B204, B204}","5:00 PM, 5:00 PM, 5:00 PM, 5:00 PM",326,DIV,0,?,6436c2657efba14cf3f8ffff,"TUTH, TUTH, TUTH, TUTH",{},"6:20 PM, 6:20 PM, 6:20 PM, 6:20 PM",90,3,BUS,0,LEC,{},?,Organizational Behavior,"95627, ?, 92857, 52630"
{B207},10:30 AM,348,NaN,0,?,6436c2657efba14cf3f90005,MW,{},11:50 AM,91,3,BUS,0,LEC,{},?,Principles of Marketing (major & non-major),96396
"{B313, B205, A117, B314}","10:30 AM, 9:00 AM, 2:00 PM, 2:00 PM",365,ESI,0,?,6436c2657efba14cf3f9000a,"MW, MW, TUTH, TUTH",{},"11:50 AM, 10:20 AM, 3:20 PM, 3:20 PM",90,3,BUS,0,LEC,{},?,Financial Management,"95671, ?, 92865, 52628"
"{A116, A116, C103, C107}","10:30 AM, 10:30 AM, 10:30 AM, 10:30 AM",447,CER,0,?,6436c2657efba14cf3f9000c,"TH, TH, TH, TH",{},"1:20 PM, 1:20 PM, 1:20 PM, 1:20 PM","T90, 90, 90, 90",3,BUS,0,LEC,{},?,Business Ethics,"95610, 54852, 92856, 52632"
"{-, -, -, -}","-, -, -, -",488,EXP+,0,?,6436c2657efba14cf3f90015,"APPT, APPT, APPT, APPT",{},"-, -, -, -",T90,0 to 3,BUS,0,TUT,{},?,Internship,"95446, ?, 92846, 52625"
{B204},10:30 AM,303,NaN,0,?,6436c2a13023723180f7eb6d,MW,{},11:50 AM,90,3,AMS,0,LEC,{},?,Graph Theory,54731
"{A312, B313}","3:30 PM, 10:30 AM",315,"CER, ESI",0,?,6436c2a13023723180f7eb6f,"MW, MW",{},"4:50 PM, 11:50 AM",90,3,AMS,0,LEC,{},?,Data Analysis,"54684, 52120"
"{A312, A312}","2:00 PM(10:30 AM), 3:30 PM(5:00 PM)",361,STEM+,0,?,6436c2637efba14cf3f8ffe4,"MW(RECF), TUTH(RECTU)",{},"3:20 PM(11:25 AM), 4:50 PM(5:55 PM)",90(R90),4,AMS,0,LEC(REC),{},?,Applied Calculus IV: Differential Equations,"95401(95402), 92227(92228)"
"{B313, B313}","2:00 PM, 2:00 PM",380,NaN,0,?,6436c2a13023723180f7eb71,"TUTH, TUTH",{},"3:20 PM, 3:20 PM",90,3,AMS,0,LEC,{},?,Data Mining,"56229, 52370"
"{B206, A724(A314)}","3:30 PM(5:00 PM), 5:00 PM(10:30 AM)",510,NaN,0,?,6436c2647efba14cf3f8fff3,"TUTH(RETH), MW(RECTU)",{},"4:50 PM(5:55 PM), 6:20 PM(11:25 AM)","90(R90), 90(R90)",3,AMS,0,"LEC(REC), LEC(REC)",{},?,Analytical Methods for AMS,"95630(95631), 56494(56493)"
{-},-,599,NaN,0,?,6436c2647efba14cf3f8fff6,APPT,{},-,T90,3,AMS,0,TUT,{},?,Research,95620
"{B204, B205/B103, B103/B207, B205/B103}","2:00 PM, 2:00 PM/9:00 AM, 2:00 PM/10:30 AM, 2:00 PM/10:30 AM",210,NaN,0,?,6436c2647efba14cf3f8fff8,"TUTH, TUTH/F, TUTH, TUTH",{},"3:20 PM, 3:20 PM/11:50 AM, 3:20 PM/11:50 AM, 3:20 PM/11:50 AM","90, 90/91, 90/91, 90/91",3,ACC,0,LEC,{},?,Financial Accounting,"95444, 54598/54842, 92844/92858, 52619/52629"
"{B204, B204, B103, B206}","9:00 AM, 9:00 AM, 9:00 AM, 10:30 AM",214,NaN,0,?,6436c2647efba14cf3f8fffa,"F, F, F, MW",{},"11:50 AM, 11:50 AM, 11:50 AM, 11:50 AM",90,3,ACC,0,LEC,{},?,Managerial Cost Analysis and Applications,"96498, ?, 92877, 56514"
"{B103, B105, B203, B105}","3:30 PM, 3:30 PM, 3:30 PM, 3:30 PM",215,NaN,0,?,6436c2647efba14cf3f8fffc,"MW, MW, MW, MW",{},"4:50 PM, 4:50 PM, 4:50 PM, 4:50 PM",90,3,BUS,0,LEC,{},?,Intro to Business Statistics,"95445, 92845, 52618"
"{A312, A724}","10:30 AM, 10:30 AM",340,TECH,0,?,6436c2657efba14cf3f90002,"MW, MW",{},"11:50 AM, 11:50 AM",90,3,BUS,0,LEC,{},?,Information Systems in Management,"96314, 92873"
"{B204, B203, B205, B205}","9:00 AM, 9:00 AM, 9:00 AM, 9:00 AM",355,NaN,0,?,6436c2657efba14cf3f90007,"TUTH, TUTH, TUTH, TUTH",{},"10:20 AM, 10:20 AM, 10:20 AM, 10:20 AM",90,3,BUS,0,LEC,{},?,Investment Analysis,"96335, ?, 92874, 52674"
"{B314, B314}","10:30 AM, 10:30 AM",448,NaN,0,?,6436c2a23023723180f7eb81,"MW, MW",{},"11:50 AM, 11:50 AM",90,3,BUS,0,LEC,{},?,Marketing Strategy,"54853, 52633"
"{C107, C107, C105, C105}","10:30 AM(10:30 AM), 2:00 PM(2:00 PM), 10:30 AM(12:30 PM), 2:00 PM(3:30 PM)",101,TECH,0,?,6436c2667efba14cf3f90017,"TUTH(M), TUTH(W), TUTH(M), TUTH(W)",{},"11:50 AM(11:50 AM), 3:20 PM(3:20 PM), 11:50 AM(1:50 PM), 3:20 PM(4:50 PM)","90(L90), 90(L90), 90(L90), 90(L90)",3,CSE,0,"LEC(LAB), LEC(LAB), LEC(LAB), LEC(LAB)",{},?,Computer Science Principles,"95403(95404), 54649(54650), 92229(92230), 52088(52089)"
"{C107, B105}","2:00 PM, 2:00 PM",104,"QPS, TECH",0,?,6589dbd1bfe63b109c100ab0,"TUTH, MW",{},"3:20 PM, 3:20 PM",90,3,AMS,0,LEC,{},?,Spreadsheet Technology and Applications,"96950, 56458"
"{C103/B207, C107, C103, A211/C107}","3:30 PM, 3:30 PM, 3:30 PM, 2:00 PM/3:30 PM",151,QPS,0,?,6436c2637efba14cf3f8ffda,"MW/TUTH, MW, MW/TUTH, MW/TUTH",{},"4:50 PM, 4:50 PM, 4:50 PM, 3:20 PM/4:50 PM","90/91, 90/91, 90/92, 90/91",3,AMS,0,LEC,{},?,Applied Calculus I,"95394, 54843, 92220/97188, 52114/52213"
"{C107, C103/B105, C105, C103}","3:30 PM, 3:30 PM, 3:30 PM, 3:30 PM",161,QPS,0,?,6436c2637efba14cf3f8ffdb,"MW/TUTH, MW/TUTH, MW/TUTH, MW/TUTH",{},"4:50 PM, 4:50 PM, 4:50 PM, 4:50 PM","90/91, 90/91, 90/91, 90/91",3,AMS,0,LEC,{},?,Applied Calculus II,"95395, 95656, 92221/92383, 52115/52214"
"{B204, B204, A704, A211}","3:30 PM(12:30 PM), 3:30 PM(12:30 PM), 3:30 PM(12:30 PM), 3:30 PM(12:30 PM)",261,STEM+,0,?,6436c2637efba14cf3f8ffde,"MW(RECM), MW(RECM), MW(RECM), MW(RECM)",{},"4:50 PM(1:25 PM), 4:50 PM(1:25 PM), 4:50 PM(1:25 PM), 4:50 PM(1:25 PM)","90(R90), 90(R90), 90(R90), 90(R90)",4,AMS,0,"LEC(REC), LEC(REC), LEC(REC), LEC(REC)",{},?,Applied Calculus III,"54681(54682),95397(95398), 92223(92224), 52117(52118)"
"{B203, B203, B207, C103}","10:30 AM, 9:00 AM, 10:30 AM, 9:00 AM",310,STEM+,0,?,6436c2637efba14cf3f8ffe1,"MW, MW, MW, TUTH",{},"11:50 AM, 10:20 AM, 11:50 AM, 10:20 AM",90,3,AMS,0,LEC,{},?,Survey of Probability and Statistics,"95400, ?, 92226, 52141"
"{B103, B313}","9:00 AM, 12:30 PM",311,NaN,0,?,6436c2a13023723180f7eb6e,"MW, TUTH",{},"10:20 AM, 1:50 PM",90,3,AMS,0,LEC,{},?,Probability Theory,"54683, 52119"
{A704},12:30 PM(2:00 PM),351,NaN,0,?,658a8aabbfe63b109c100ab2,TUTH(RECTH),{},1:50 PM(2:55 PM),90(R90),3,AMS,0,LEC(REC),{},?,Applied Algebra,97233(97235)
"{-, -, -, -}","-, -, -, -",475,EXP+; SPK,0,?,6436c2647efba14cf3f8ffe8,"APPT, APPT, APPT, APPT",{},"-, -, -, -",T90,3,AMS,0,TUT,{},?,Undergrad Teachng Practicum,"95509, ?, 92300, 52121"
"{-, -, -, -}","-, -, -, -",476,EXP+; SPK,0,?,6436c2647efba14cf3f8ffe9,"APPT, APPT, APPT, APPT",{},"-, -, -, -",T90,3,AMS,0,TUT,{},?,Undergrad Teaching Practicum,"95517, ?, 92305, 52165"
"{A312, A704}","2:00 PM(1:00 PM), 9:00 PM(3:30 PM)",507,NaN,0,?,6436c2647efba14cf3f8fff0,"TUTH(REM), TUTH(RECTU)",{},"3:20 PM(1:55 PM), 10:20 PM(4:25 PM)","90(R90), 90(R90)",3,AMS,0,"LEC(REC), LEC(REC)",{},?,Introduction to Probability,"95629(95628), 92369(92370)"
"{A116, B104}","9:00 AM, 3:30 PM",572,NaN,0,?,6436c2647efba14cf3f8fff4,"TUTH, TUTH",{},"10:20 AM, 4:50 PM",90,3,AMS,0,LEC,{},?,Data Analysis I,"95619, 56465"
{B313},9:00 AM,577,NaN,0,?,6436c2a13023723180f7eb75,MW,{},10:20 AM,90,3,AMS,0,LEC,{},?,Multivariate Analysis,56197
{B103},9:00 AM,210,NaN,0,?,6436c2647efba14cf3f8fff9,F,{},11:50 AM,91,3,ACC,0,LEC,{},?,Financial Accounting (major & non-major),95637
{B313},3:30 PM,302,NaN,0,?,6436c2a23023723180f7eb7a,MW,{},4:50 PM,90,3,BUS,0,LEC,{},?,Social Media Marketing Strategy,56199
"{B105, B203/B204, B204, B105/B204}","10:30 AM, 10:30 AM/2:00 PM, 2:00 PM, 10:30 AM/2:00 PM",330,NaN,0,?,6436c2657efba14cf3f90000,"TUTH, TUTH, TUTH, TUTH",{},"11:50 AM, 11:50 AM/3:20 PM, 3:20 PM, 11:50 AM/3:20 PM","90, 90/91, 91, 90/91",3,BUS,0,LEC,{},?,Principles of Finance,"95451, 54733/56320, 96965, 52622/56515"
"{B203, B204, B205}","2:00 PM, 2:00 PM, 3:30 PM",334,NaN,0,?,6436c2657efba14cf3f90001,"MW, MW, MW",{},"3:20 PM, 3:20 PM, 4:50 PM",90,3,BUS,0,LEC,{},?,Integrated Mktg Communications,"96313, 92872, 57031"
"{C107, B205/C103, B204, B103/B105}","2:00 PM, 2:00 PM/10:30 AM, 5:00 PM/10:30 AM, 2:00 PM/10:30 AM",348,NaN,0,?,6436c2657efba14cf3f90004,"MW, MW, MW, MW",{},"3:20 PM, 3:20 PM/11:50 AM, 6:20 PM/11:50 AM, 3:20 PM/11:50 AM","90, 90/91, 90/91, 90/91",3,BUS,0,LEC,{},?,Principles of Marketing,"95452, 54734/56200, 92848/92875, 52623/52673"
"{B103, B204, B314, A704}","3:30 PM, 3:30 PM, 3:30 PM, 3:30 PM",353,NaN,0,?,6436c2657efba14cf3f90006,"TUTH, TUTH, TUTH, TUTH",{},"4:50 PM, 4:50 PM, 4:50 PM, 4:50 PM",90,3,BUS,0,LEC,{},?,Entrepreneurship,"95609, ?, 92855, 52626"
"{B207, A211}","3:30 PM, 3:30 PM",358,ESI,0,?,6436c2657efba14cf3f90008,"MW, MW",{},"4:50 PM, 4:50 PM",90,3,BUS,0,LEC,{},?,Marketing Research,"95638, 92859"
"{A114, A114, A211, A724}","2:00 PM, 2:00 PM, 2:00 PM, 2:00 PM",359,NaN,0,?,6436c2657efba14cf3f90009,"TU, TU, TU, TU",{},"4:50 PM, 4:50 PM, 4:50 PM, 4:50 PM",90,3,BUS,0,LEC,{},?,Consumer Behavior,"95642, ?, 92861, 52631"
"{B204, B204}","2:00 PM, 2:00 PM",363,NaN,0,?,6436c2a23023723180f7eb7e,"MW, MW",{},"3:20 PM, 3:20 PM",90,3,BUS,0,LEC,{},?,Brand Management,"56203, 52676"
"{C105(C105), C105(C106), B103(B103), C103(C107)}","2:00 PM(2:00 PM), 10:30 AM(2:00 PM), 10:30 AM(10:30 AM), 10:30 AM(2:00 PM)",214,NaN,0,?,6436c2667efba14cf3f9001b,"TUTH(RECW), TUTH(RECW), TUTH(RECW), TUTH(RECW)",{},"3:20 PM(2:55 PM), 11:50 AM(2:55 PM), 11:50 AM(11:25 AM), 11:50 AM(2:55 PM)","90(R90), 90(R90), 90(R90), 90(R90)",4,CSE,0,"LEC(REC), LEC(REC), LEC(REC), LEC(REC)",{},?,Data Structures,"95407(95408), 54653(54654), 92233(92234), 52092(52093)"
"{A117, B207}","2:00 PM, 2:00 PM",317,NaN,0,?,6436c2637efba14cf3f8ffe2,"MW, MW",{},"3:20 PM, 3:20 PM",90,3,AMS,0,LEC,{},?,Introduction to Linear Regression Analysis,"95562, 92336"
"{B205, B103}","5:00 PM, 9:00 AM",318,WRTD,0,?,6436c2637efba14cf3f8ffe3,"TUTH, TUTH",{},"6:20 PM, 10:20 AM",90,3,AMS,0,LEC,{},?,Financial Mathematics,"95587, 56459"
"{B103, A116}","2:00 PM, 5:00 PM",326,NaN,0,?,6436c2a13023723180f7eb70,"MW, TUTH",{},"3:20 PM, 6:20 PM",90,3,AMS,0,LEC,{},?,Numerical Analysis,"54821, 52200"
"{B206, B206}","3:30 PM, 3:30 PM",412,CER; ESI; EXP+,0,?,6436c2647efba14cf3f8ffe7,"MW, MW",{},"4:50 PM, 4:50 PM",90,3,AMS,0,LEC,{},?,Mathematical Statistics,"95618, 92363"
{A312},10:30 AM,573,NaN,0,?,6436c2a13023723180f7eb74,MW,{},11:50 AM,90,3,AMS,0,LEC,{},?,Categorical Data Analysis,54846
"{B314, A702}","10:30 AM, 3:30 PM",597,NaN,0,?,6436c2647efba14cf3f8fff5,"MW, MW",{},"11:50 AM, 4:50 PM","L90, 90",3,AMS,0,"LAB, LEC",{},?,Statistical Computing,"95657, 56467"
"{A724, A704, B205}","9:00 AM, 9:00 AM, 2:00 PM",310,NaN,0,?,6436c2647efba14cf3f8fffb,"W, W, MW",{},"11:50 AM, 11:50 AM, 3:20 PM",90,3,ACC,0,LEC,{},?,Intermediate Accounting I,"96497, ?, 52671"
"{B105, B105, B103, B103}","10:30 AM, 10:30 AM, 5:00 PM, 10:30 AM",220,STEM+,0,?,6436c2647efba14cf3f8fffd,"MW, MW, MW, MW",{},"11:50 AM, 11:50 AM, 6:20 PM, 11:50 AM","91, 90, 90, 90",3,BUS,0,LEC,{},?,Intro to Decision Sciences,"95495, 54732, 92850, 52621"
{A211},2:00 PM,301,SPK; WRTD,0,?,6436c2657efba14cf3f8fffe,W,{},4:50 PM,90,3,BUS,0,LEC,{},?,Business Communications,95641
"{B204, B204}","10:30 AM, 10:30 AM",331,NaN,0,?,6436c2a23023723180f7eb7c,"TUTH, TUTH",{},"11:50 AM, 11:50 AM",90,3,BUS,0,LEC,{},?,International Finance,"56321, 56516"
"{B105, B103, B103, B103}","3:30 PM, 3:30 PM, 3:30 PM, 3:30 PM",346,NaN,0,?,6436c2657efba14cf3f90003,"MW, MW, MW, MW",{},"4:50 PM, 4:50 PM, 4:50 PM, 4:50 PM",90,3,BUS,0,LEC,{},?,Operations Management,"95519, ?, 92851, 52624"
"{A116, A211}","10:30 AM, 10:30 AM",366,NaN,0,?,6436c2657efba14cf3f9000b,"TU, TUTH",{},"1:20 PM, 11:50 AM",90,3,BUS,0,LEC,{},?,Money and Financial Inst.,"95677, 92866"
"{B314, B314}","2:00 PM, 2:00 PM",375,NaN,0,?,6436c2a23023723180f7eb7f,"MW, MW",{},"3:20 PM, 3:20 PM",90,3,BUS,0,LEC,{},?,Data Mining,"56230, 52677"
"{-, -, -, -}","-, -, -, -",475,EXP+,0,?,6436c2657efba14cf3f9000d,"APPT, APPT, APPT, APPT",{},"-, -, -, -",,3,BUS,0,TUT,{},?,Undergrad Teachng Practicum I,
"{-, -, -}","-, -, -",476,EXP+,0,?,6436c2a23023723180f7eb84,"APPT, APPT, APPT",{},"-, -, -",,3,BUS,0,TUT,{},?,Undergrad Teachng Practicum II,
"{C103, C105, C105, C103}","10:30 AM(2:00 PM), 2:00 PM(2:00 PM), 2:00 PM(2:00 PM), 2:00 PM(2:00 PM)",114,TECH,0,?,6436c2667efba14cf3f90019,"MW(TUTH), MW(TUTH), MW(TUTH), MW(TUTH)",{},"11:50 AM(3:20 PM), 3:20 PM(3:20 PM), 3:20 PM(3:20 PM), 3:20 PM(3:20 PM)","90(L90), 90(L90), 90(L90), 90(L90)",4,CSE,0,"LEC(LAB), LEC(LAB), LEC(LAB), LEC(LAB)",{},?,Intro to Object-Oriented Prog,"95405(95406), 54651(54652), 92231(92232), 52090(52091)"
"{B204(B203), C105(C105), B207(B207), C107(C107)}","12:30 PM(3:30 PM), 10:30 AM(5:00 PM), 12:30 PM(3:30 PM), 9:00 AM(12:30 PM)",215,NaN,0,?,6436c2667efba14cf3f9001d,"TUTH(RECW), MW(RECW), TUTH(RECTU), MW(RECM)",{},"1:50 PM(4:25 PM), 11:50 AM(5:55 PM), 1:50 PM(4:25 PM), 10:20 AM(1:25 PM)","90(R90), 90(R90), 90(R90), 90(R90)",4,CSE,0,"LEC(REC), LEC(REC), LEC(REC), LEC(REC)",{},?,Foundations of Comp Science,"95409(95410), 54655(54656), 92235(92236), 52094(52095)"
"{B203(A704), B203(B203), B203(B203), B203(B203)}","5:00 PM(2:00 PM), 2:00 PM(3:30 PM), 9:00 AM(2:00 PM), 10:30 AM(2:00 PM)",216,NaN,0,?,6436c2667efba14cf3f9001f,"TUTH(RECW), MW(RECW), TUTH(RECTH), TUTH(RECW)",{},"6:20 PM(2:55 PM), 3:20 PM(4:25 PM), 10:20 AM(2:55 PM), 11:50 AM(2:55 PM)","90(R90), 90(R90), 90(R90), 90(R90)",4,CSE,0,"LEC(REC), LEC(REC), LEC(REC), LEC(REC)",{},?,Programming Abstractions,"95570(95571), 54785(54786), 92239(92340), 52175(52176)"
"{A704, B204, B204}","10:30 AM, 10:30 AM, 3:30 PM",310,NaN,0,?,6436c2667efba14cf3f90025,"MW, TUTH, MW",{},"11:50 AM, 11:50 AM, 4:50 PM",90,3,CSE,0,LEC,{},?,Computer Networks,"95442, 92268, 56522"
"{B205, B205}","10:30 AM, 10:30 AM",312,"CER, ESI, STAS",0,?,6436c2a33023723180f7eb89,"MW, MW",{},"11:50 AM, 11:50 AM",90,3,CSE,0,LEC,{},?,"Legal, Social, and Ethical Issues in Information Systems","54742, 52149"
"{B103, B205, B205, B205}","12:30 PM, 10:30 AM, 12:30 PM, 12:30 PM",320,NaN,0,?,6436c2667efba14cf3f90027,"TUTH, TUTH, TUTH, TUTH",{},"1:50 PM, 11:50 AM, 1:50 PM, 1:50 PM",90,3,CSE,0,LEC,{},?,Systems Fundamentals II,"95543, ?, 92321, 52104"
"{B204, B207}","10:30 AM, 10:30 AM",331,NaN,0,?,6436c2667efba14cf3f90028,"TUTH, TUTH",{},"11:50 AM, 11:50 AM",90,3,CSE,0,LEC,{},?,Computer Security Fundamentals,"96333, 56523"
"{B314, A312, B207}","2:00 PM, 2:00 PM, 2:00 PM",352,NaN,0,?,6436c2667efba14cf3f90029,"MW, TUTH, MW",{},"3:20 PM, 3:20 PM, 3:20 PM",90,3,CSE,0,LEC,{},?,Artificial Intelligence,"95467, 92281, 56524"
{B207},2:00 PM,353,NaN,0,?,6436c2a43023723180f7eb8c,TUTH,{},3:20 PM,90,3,CSE,0,LEC,{},?,Machine Learning,56207
"{B203, B205}","9:00 AM, 5:00 PM",373,NaN,0,?,6436c2667efba14cf3f9002a,"MW, TUTH",{},"10:20 AM, 6:20 PM",90,3,CSE,0,LEC,{},?,Analysis of Algorithms,"95413, 92239"
"{A704, B313}","10:30 AM, 9:00 AM",534,NaN,0,?,6436c2677efba14cf3f90044,"MW, TUTH",{},"11:50 AM, 10:20 AM",90,3,CSE,0,LEC,{},?,Fundament of Computer Networks,"95660, 92386"
"{A312, B314}","3:30 PM, 3:30 PM",537,NaN,0,?,6436c2677efba14cf3f90045,"MW, MW",{},"4:50 PM, 4:50 PM",90,3,CSE,0,LEC,{},?,Artificial Intelligence,"96328, 92471"
"{-, -, -}","-, -, -",596,NaN,0,?,6436c2687efba14cf3f9004b,"APPT, APPT, APPT",{},"-, -, -",,1,CSE,0,TUT,{},?,MS Internship Prog Off-Campus,
"{-, B205, B205}","6:30 PM, 6:30 PM, 6:30 PM",656,NaN,0,?,6436c2a63023723180f7ebad,"TU, TU, TU",{},"7:50 PM, 7:50 PM, 7:50 PM",S90,1,CSE,0,SEM,{},?,Seminar in Computer Vision,"54911, 96943, 52257"
"{nan, -}","6:30 PM, 6:30 PM",659,NaN,0,?,6436c2687efba14cf3f90054,"TU, TU",{},"7:50 PM, 7:50 PM",S90,1,CSE,0,SEM,{},?,Seminar in Computer Security,96323
"{-, -, -, -}","-, -, -, -",698,NaN,0,?,6436c2687efba14cf3f90055,"APPT, APPT, APPT, APPT",{},"-, -, -, -",,0 to 3,CSE,0,TUT,{},?,Practicum in Teaching,
"{-, -, -, -}","-, -, -, -",699,NaN,0,?,6436c2687efba14cf3f90057,"APPT, APPT, APPT, APPT",{},"-, -, -, -",,0 to 9,CSE,0,TUT,{},?,Dissertation Research on Campus,
"{B204, B613}","9:00 AM, 9:00 AM",271,NaN,0,?,65e58965ee7bd45c98acc770,"TUTH, MW",{},"10:20 AM, 10:20 AM",90,3,ESE,0,LEC,{},?,Electrical Circuit Analysis,"96955, 56477"
{B613(C508)},10:30 AM(2:00 PM),272,NaN,0,?,65e58fa6ee7bd45c98acc778,TUTH(TU),{},11:50 AM(4:50 PM),90(L90),4,ESE,0,LEC(LAB),{},?,Electronics,56530(56529)
"{B205, B613}","10:30 AM, 10:30 AM",305,NaN,0,?,65e588acee7bd45c98acc76e,"MW, MW",{},"11:50 AM, 11:50 AM",90,3,ESE,0,LEC,{},?,Deterministic Signals and Systems,"96981, 56473"
"{B203, B314}","3:30 PM, 3:30 PM",327,NaN,0,?,6436c2a33023723180f7eb8b,"TUTH, TUTH",{},"4:50 PM, 4:50 PM",90,3,CSE,0,LEC,{},?,Fundamentals of Computer Vision,"54804, 52191"
{B313},2:00 PM,502,NaN,0,?,6436c2677efba14cf3f9003f,MW,{},3:20 PM,90,3,CSE,0,LEC,{},?,Computer Architecture,95658
{B313},5:00 PM,538,NaN,0,?,65e6ce45ee7bd45c98acc77b,TUTH,{},6:20 PM,90,3,CSE,0,LEC,{},?,Natural Language Processing,96969
{B314},12:30 PM,570,NaN,0,?,6436c2a53023723180f7eb9e,TUTH,{},1:50 PM,90,3,CSE,0,LEC,{},?,Wireless and Mobile Networks,54857
"{?, A312, A116}","2:00 PM, 2:00 PM, 2:00 PM",600,NaN,0,?,6436c2687efba14cf3f9004f,"F, F, F",{},"3:20 PM, 3:20 PM, 2:50 PM","S90, S91, 90",0 to 1,CSE,0,LEC,{},?,Topics in Modern Computer Science,"96324, 97249, 56526"
"{-, -, B203, B203}","6:30 PM, 6:30 PM, 6:30 PM, 6:30 PM",644,NaN,0,?,6436c2687efba14cf3f90050,"TU, TU, TU, TU",{},"7:50 PM, 7:50 PM, 7:50 PM, 7:50 PM",S90,1,CSE,0,SEM,{},?,Seminar in Databases,"95501, ?, 92292, 52112"
{B105},6:30 PM,650,NaN,0,?,65e98b7b50d4111ca6f57af5,TU,{},7:50 PM,S90,NaN,CSE,0,SEM,{},?,Seminar in Architecture,56537
"{A313(B607), B314(C607), C607(C607)}","10:30 AM(2:00 PM), 10:30 AM(2:00 PM), 10:30 AM(2:00 PM)",118,TECH,0,?,6436c2a63023723180f7ebba,"TUTH(TUTH), TUTH(TU), TUTH(TH)",{},"11:50 AM(4:50 PM), 11:50 AM(4:50 PM), 11:50 AM(4:50 PM)",90(L90),4,ESE,0,LEC(LAB),{},?,Digital Logic Design,"56225(56226), 96954(96956), 52368(52369)"
"{B105, B206}","9:00 AM, 5:00 PM",122,NaN,0,?,6436c2a63023723180f7ebbc,"MW, TUTH",{},"10:20 AM, 6:20 PM",90,3,ESE,0,LEC,{},?,Discrete Mathematics for Engineers,"56210, 96973"
"{-, -, -, -}","-, -, -, -",499,NaN,0,?,6436c2697efba14cf3f90064,"APPT, APPT, APPT, APPT",{},"-, -, -, -",,0 to 3,ESE,0,TUT,{},?,Research in Electrical Sciences,
"{B105, B103, B207, A704}","5:00 PM, 5:00 PM, 5:00 PM, 2:00 PM",194,QPS,0,?,6436c2697efba14cf3f90068,"MW, MW, MW, MW",{},"6:20 PM, 6:20 PM, 6:20 PM, 3:20 PM",90,3,EST,0,LEC,{},?,Decision-making,"95575, ?, 92343, 52203"
"{B205, B205}","3:30 PM, 3:30 PM",300,SPK; WRTD,0,?,6436c2667efba14cf3f90023,"MW, MW",{},"4:50 PM, 4:50 PM",90,3,CSE,0,LEC,{},?,Technical Communications,"95500, 92291"
{B103},9:00 AM,304,NaN,0,?,65bebb3f29280314d82979a4,TUTH,{},10:20 AM,90,3,CSE,0,LEC,{},?,Compiler Design,96938
{B204},12:30 PM,306,"Partially: ESI, EXP+, SBS+, STEM+",0,?,65e9813c50d4111ca6f57af4,TUTH,{},1:50 PM,90,3,CSE,0,LEC,{},?,Operating System,56521
{B313},3:30 PM,354,NaN,0,?,65e5032dee7bd45c98acc760,TUTH,{},4:50 PM,90,3,CSE,0,LEC,{},?,Natural Language Processing,96966
"{B203, B313, A116, B105}","2:00 PM, 10:30 AM, 2:00 PM, 5:00 PM",416,"Partially: ESI, EXP+, SBS+, STEM+",0,?,6436c2667efba14cf3f9002b,"TUTH, TUTH, TUTH, TUTH",{},"3:20 PM, 11:50 AM, 3:20 PM, 6:20 PM",90,3,CSE,0,LEC,{},?,Software Engineering,"95572, ?, 92341, 52148"
"{-, -, -}","-, -, -",475,EXP+,0,?,6436c2667efba14cf3f9002d,"APPT, APPT, APPT",{},"-, -, -",,3,CSE,0,TUT,{},?,Undergrad Teaching Practicum,
"{-, -, -}","-, -, -",523,NaN,0,?,6436c2677efba14cf3f90042,"APPT, APPT, APPT",{},"-, -, -",,3,CSE,0,TUT,{},?,Advanced Project in Computer Science I,
"{-, -, B204, B204}","6:30 PM, 6:30 PM, 6:30 PM, 6:30 PM",646,NaN,0,?,6436c2687efba14cf3f90051,"TU, TU, TU, TU",{},"7:50 PM, 7:50 PM, 7:50 PM, 7:50 PM",S90,1,CSE,0,SEM,{},?,Seminar in Artificial Intelligence,"95626, 54823, 92368, 52201"
"{-, -, B206, B206}","6:30 PM, 6:30 PM, 6:30 PM, 6:30 PM",658,NaN,0,?,6436c2687efba14cf3f90053,"TU, TU, TU, TU",{},"7:50 PM, 7:50 PM, 7:50 PM, 7:50 PM",S90,1,CSE,0,SEM,{},?,Seminar on Mobile and Wireless Networking,"95414, 54824, 92240, 52202"
"{-, -}","-, -",696,NaN,0,?,6436c2a63023723180f7ebb2,"APPT, APPT",{},"-, -",,1 to 3,CSE,0,TUT,{},?,PhD Internship Project Off-Campus,
{B613(B613)},12:30 PM(2:00 PM),224,NaN,0,?,65e58f4fee7bd45c98acc776,TUTH(F),{},1:50 PM(5:00 PM),90(L90),4,ESE,0,LEC(LAB),{},?,Advanced Programming and Data Structures,56528(56527)
"{-, -, -, -}","-, -, -, -",488,EXP+,0,?,6436c2687efba14cf3f90063,"APPT, APPT, APPT, APPT",{},"-, -, -, -",,3,ESE,0,TUT,{},?,Internship in Electrical/Computer Engineering,
"{A314, A115, A115, A115}","3:30 PM, 5:00 PM, 5:00 PM, 5:00 PM",100,TECH,0,?,6436c2697efba14cf3f90066,"TU, TUTH, TUTH, MW",{},"4:50 PM, 6:20 PM, 6:20 PM, 6:20 PM",90,3,EST,0,LEC,{},?,"Designing, Producing & Presenting Multimedia Projects","96473, ?, 92498, 52364"
"{B203(B203), C107(C107), B203(B203), B203(B203)}","10:30 AM(12:30 PM), 10:30 AM(12:30 PM), 10:30 AM(12:30 PM), 12:30 PM(2:00 PM)",220,NaN,0,?,6436c2667efba14cf3f90021,"TUTH(RECM), TUTH(RETU), MW(RECM), TUTH(RECTH)",{},"11:50 AM(1:25 PM), 11:50 AM(1:25 PM), 11:50 AM(1:25 PM), 1:50 PM(2:55 PM)","90(R90), 90(R90), 90(R90), 90(R90)",4,CSE,0,"LEC(REC), LEC(REC), LEC(REC), LEC(REC)",{},?,Systems Fundamentals I,"95411(95412), 54736(54735), 92237(92238), 52145(52144)"
"{A312, B103, B204, B204}","3:30 PM, 3:30 PM, 3:30 PM, 3:30 PM",303,NaN,0,?,6436c2667efba14cf3f90024,"TUTH, TUTH, TUTH, TUTH",{},"4:50 PM, 4:50 PM, 4:50 PM, 4:50 PM",90,3,CSE,0,LEC,{},?,Intro to Theory of Computation,"95546, ?, 92322, 52096"
"{B204, B314, B207, B207}","2:00 PM, 3:30 PM, 9:00 AM, 9:00 AM",316,"Partially: ESI, EXP+, SBS+, STEM+",0,?,6436c2667efba14cf3f90026,"MW, MW, MW, MW",{},"3:20 PM, 4:50 PM, 10:20 AM, 10:20 AM",90,3,CSE,0,LEC,{},?,Fundamentals of Software Development,"95573, 54820, 92342, 52199"
"{-, -, -, -}","-, -, -, -",487,NaN,0,?,6436c2677efba14cf3f90036,"APPT, APPT, APPT, APPT",{},"-, -, -, -",,0 to 6,CSE,0,TUT,{},?,Research in Computer Science,
"{B204, B207}","10:30 AM, 10:30 AM",508,NaN,0,?,6436c2677efba14cf3f90040,"TUTH, TUTH",{},"11:50 AM, 11:50 AM",90,3,CSE,0,LEC,{},?,Network Security,"96331, 56525"
"{B207, A116}","2:00 PM, 2:00 PM",512,NaN,0,?,6436c2a43023723180f7eb90,"TUTH, TUTH",{},"3:20 PM, 3:20 PM",90,3,CSE,0,LEC,{},?,Machine Learning,"56208, 52355"
"{-, -, -}","-, -, -",522,NaN,0,?,6436c2677efba14cf3f90041,"APPT, APPT, APPT",{},"-, -, -",,3,CSE,0,TUT,{},?,Special Project in Computer Science,
"{-, -, -}","-, -, -",524,NaN,0,?,6436c2677efba14cf3f90043,"APPT, APPT, APPT",{},"-, -, -",,3,CSE,0,TUT,{},?,Advanced Project in Computer Science II,
{B203},3:30 PM,527,NaN,0,?,6436c2a53023723180f7eb9c,TUTH,{},4:50 PM,90,3,CSE,0,LEC,{},?,Introduction to Computer Vision,56209
"{B206, A312}","12:30 PM, 2:00 PM",540,NaN,0,?,6436c2a53023723180f7eb9d,"TUTH, MW",{},"1:50 PM, 3:20 PM",90,3,CSE,0,LEC,{},?,Theory of Computation,"54737, 52146"
{B313},2:00 PM,541,NaN,0,?,65e6cec7ee7bd45c98acc77c,MW,{},3:20 PM,90,3,CSE,0,LEC,{},?,Logic in ComputerScience,56970
"{-, -}","-, -",587,NaN,0,?,6436c2677efba14cf3f90046,"APPT, APPT",{},"-, -",,3,CSE,0,TUT,{},?,Proficiency Requirement,
"{-, -, -}","-, -, -",593,NaN,0,?,6436c2687efba14cf3f9004a,"APPT, APPT, APPT",{},"-, -, -",,1 to 9,CSE,0,TUT,{},?,Independent Study in Computer Science,
"{-, -, -, -}","-, -, -, -",599,NaN,0,?,6436c2687efba14cf3f9004c,"APPT, APPT, APPT, APPT",{},"-, -, -, -",,1 to 12,CSE,0,TUT,{},?,M.S. Thesis Research,
"{-, -, -}","6:30 PM, 6:30 PM, 6:30 PM",649,NaN,0,?,6436c2687efba14cf3f90052,"TU, TU, TU",{},"7:50 PM, 7:50 PM, 7:50 PM",S90,NaN,CSE,0,SEM,{},?,Seminar in Operating Systems,"95502, ?, 52113"
"{-, -}","-, -",700,NaN,0,?,6436c2687efba14cf3f9005c,"APPT, APPT",{},"-, -",,0 to 9,CSE,0,TUT,{},?,Dissertation off Campus Domest,
"{B203(C508), A312(C508), B104(C508), B207(C508)}","9:00 AM(2:00 PM), 2:00 PM(2:00 PM), 3:30 PM(5:00 PM), 5:00 PM/12:30 PM(6:30 PM)",123,TECH,0,?,6436c2687efba14cf3f9005e,"TUTH(TU/TH), TH(TU), TUTH(TU), TU/F(TU)",{},"10:20 AM(4:50 PM), 4:50 PM(4:50 PM), 4:50 PM(7:50 PM), 6:20 PM/1:50 PM(9:20 PM)","90(L90/L91), 90(L90)",4,ESE,0,LEC(LAB),{},?,Introduction to Electrical and Computer Engineering,"96530(96531/96532), 56211(56212), 92506(92507), 52358(52359)"
"{B614(B614), B614(B614)}","5:00 PM(2:00 PM), 6:30 PM(6:30 PM)",124,TECH,0,?,65e59090ee7bd45c98acc779,"MW(F), M(W)",{},"6:20 PM(4:50 PM), 8:50 PM(9:20 PM)",90(L90),4,ESE,0,LEC(LAB),{},?,Programming Fundamentals,"96985(96975), 56831(56832)"
{B613},2:00 PM,273,NaN,0,?,65e58b44ee7bd45c98acc774,MW,{},3:20 PM,90,3,ESE,0,LEC,{},?,Microelectronic Circuits,56491
{B613(B613)},2:00 PM(3:30 PM),280,NaN,0,?,65e58dc7ee7bd45c98acc775,TUTH(TH),{},3:20 PM(5:50 PM),90(L90),4,ESE,0,LEC(LAB),{},?,Embedded Microcontroller Systems Design I,96976(96977)
{B104},5:00 PM,306,NaN,0,?,65e58a48ee7bd45c98acc771,MW,{},6:20 PM,90,3,ESE,0,LEC,{},?,Random Signals and Systems,56492
"{-, -, -, -}","-, -, -, -",475,EXP+,0,?,6436c2687efba14cf3f90061,"APPT, APPT, APPT, APPT",{},"-, -, -, -",T90,3,ESE,0,TUT,{},?,Undergraduate Teaching Practicum,"96554, 56213, 92510, 52360"
"{-, -, -, -}","-, -, -, -",476,EXP+,0,?,6436c2687efba14cf3f90062,"APPT, APPT, APPT, APPT",{},"-, -, -, -",T90,3,ESE,0,TUT,{},?,Instructional Laboratory Development  Practicum,"96555, 56214, 92511, 52361"
"{B203, C105, B105, B207}","3:30 PM, 3:30 PM, 3:30 PM, 3:30 PM",202,TECH,0,?,6436c2697efba14cf3f9006a,"TUTH, MW, TUTH, MW",{},"4:50 PM, 4:50 PM, 4:50 PM, 4:50 PM",90,3,EST,0,LEC,{},?,"Introduction to Science, Technology, and Society Studies","95416, 54787, 92242, 52177"
"{B105, B105}","2:00 PM, 2:00 PM",205,TECH,0,?,6436c2697efba14cf3f9006c,"TUTH, TUTH",{},"3:20 PM, 3:20 PM",90,3,EST,0,LEC,{},?,Intro to Tech Design,"95576, 92344"
"{C105, C107, B207, A211}","3:30 PM, 5:00 PM, 3:30 PM, 5:00 PM",326,NaN,0,?,6436c2697efba14cf3f90074,"MW, TUTH, MW, TUTH",{},"4:50 PM, 6:20 PM, 4:50 PM, 6:20 PM",90,3,EST,0,LEC,{},?,Management for Engineers,"95418, ?, 92244, 52140"
"{B207, B103}","2:00 PM, 2:00 PM",330,STAS,0,?,6436c2697efba14cf3f90075,"MW, MW",{},"3:20 PM, 3:20 PM",90,3,EST,0,LEC,{},?,Natural Disasters,"96321, 92464"
"{B105, B205, B103, B205}","3:30 PM, 3:30 PM, 3:30 PM, 9:30 AM",372,NaN,0,?,6436c2697efba14cf3f90079,"TUTH, TUTH, TUTH, F",{},"4:50 PM, 4:50 PM, 4:50 PM, 12:20 PM",90,3,EST,0,LEC,{},?,The Mobile Revolution in Development,"95530, 54674, 92310, 52111"
"{B313, A312, A117, A117}","10:30 AM, 10:30 AM, 10:30 AM, 10:30 AM",441,"Partially: CER, ESI, EXP+, SBS+, SPK, STEM+, WRTD",0,?,6436c2a83023723180f7ebcf,"TUTH, TUTH, TUTH, TUTH",{},"11:50 AM, 11:50 AM, 11:50 AM, 11:50 AM",90,1 to 3,EST,0,LEC,{},?,Interdisciplinary Senior Project,"95447, 54667, 92270, 52105"
{A312},7:00 PM,502,NaN,0,?,65e9a25f50d4111ca6f57af6,TU,{},9:50 PM,90,3,EST,0,LEC,{},?,Ethical Decisions in Engineering,56531
"{B204, B204}","9:00 AM, 7:00 PM",558,NaN,0,?,6436c26b7efba14cf3f9008f,"SAT, W",{},"11:50 AM, 9:50 PM",S90,3,EST,0,SEM,{},?,Digital tech in disaster risk,"95547, 92323"
"{-, -, -, -}","-, -, -, -",699,NaN,0,?,6436c26b7efba14cf3f90099,"HTBA, HTBA, HTBA, HTBA",{},"-, -, -, -",,1 to 9,EST,0,SUP,{},?,Dissertation Research on Campu - James Larson,
"{A117, B205}","3:30 PM, 3:30 PM",301,NaN,0,?,6436c26c7efba14cf3f900a2,"TUTH, TUTH",{},"4:50 PM, 4:50 PM",90,3,MEC,0,LEC,{},?,Thermodynamics,"95496, 92287"
"{B205, B203}","10:30 AM, 10:30 AM",310,NaN,0,?,6436c26c7efba14cf3f900a3,"TUTH, TUTH",{},"11:50 AM, 11:50 AM",90,3,MEC,0,LEC,{},?,Introduction to Machine Design,"95497, 92288"
"{A114, C103/C103}","9:00 AM, 9:00 AM/9:00 AM",316,TECH,0,?,6436c26c7efba14cf3f900a4,"W, W/M",{},"11:50 AM, 11:50 AM/11:50 AM","L90, L90/L91",2,MEC,0,LAB,{},?,Instrumentation and Solids Lab,"95498, 92289"
"{C606, C606}","12:30 PM, 12:30 PM/9:00 AM",317,TECH,0,?,6436c2ab3023723180f7ebf6,"M, M",{},"3:20 PM, 3:20 PM/11:50 AM","L90, L90/L91",2,MEC,0,LAB,{},?,Thermal Sciences and Fluid Mechanics Laboratory,"54746, 52153/56479"
"{B205, A724}","2:00 PM, 2:00 PM",402,NaN,0,?,6436c26c7efba14cf3f900a9,"MW, MW",{},"3:20 PM, 3:20 PM",90,3,MEC,0,LEC,{},?,Mechanical Vibrations,"95579, 92347"
"{B207(A724), B314(B203)}","10:30 AM(9:00 AM), 10:30 AM(9:00 AM)",411,NaN,0,?,6436c2ab3023723180f7ebf8,"TUTH(W), TUTH(W)",{},"11:50 AM(11:50 AM), 11:50 AM(11:50 AM)",90(L90),4,MEC,0,LEC(LAB),{},?,Control System Analysis and Design,"54749(54748), 52156(52155)"
"{B204, B206}","5:00 PM, 5:00 PM",422,NaN,0,?,6436c26c7efba14cf3f900aa,"MW, MW",{},"6:20 PM, 6:20 PM",90,3,MEC,0,LEC,{},?,Thermal System Design,"95526, 92308"
"{B313, B314}","12:30 PM, 12:30 PM",201,STAS,0,?,6436c2697efba14cf3f90069,"TUTH, TUTH",{},"1:50 PM, 1:50 PM",90,3,EST,0,LEC,{},?,Technological Trends in Society,"96474, 92499"
"{B203, B207}","2:00 PM, 2:00 PM",207,TECH,0,?,6436c2a73023723180f7ebc5,"TUTH, TUTH",{},"3:20 PM, 3:20 PM",90,3,EST,0,LEC,{},?,Interaction Design,"54826, 52204"
"{A115, A314, A115, A314}","5:00 PM, 5:00 PM, 5:00 PM, 5:00 PM",221,TECH,0,?,6436c2697efba14cf3f9006d,"MW, MW, MW, MW",{},"6:20 PM, 6:20 PM, 6:20 PM, 6:20 PM",90,3,EST,0,LEC,{},?,Multimedia for Online Content Platforms,"96580, ?, 92515, 52365"
"{B207, C103, B203, B203}","5:00 PM, 12:30 PM, 5:00 PM, 5:00 PM",230,TECH,0,?,6436c2697efba14cf3f9006e,"MW, TUTH, MW, TUTH",{},"6:20 PM, 1:50 PM, 6:20 PM, 6:20 PM",90,3,EST,0,LEC,{},?,Information and Communications Technology for Sustainable Development,"95417, 54600, 92243, 52039"
{B203},3:30 PM,240,TECH,0,?,65e9a35f50d4111ca6f57af7,TUTH,{},4:50 PM,90,3,EST,0,LEC,{},?,Visual Rhetoric and Information Technology,52106
"{B207, B103, B105, B314}","12:30 PM, 12:30 PM, 12:30 PM, 12:30 PM",304,NaN,0,?,6436c2a73023723180f7ebc7,"TUTH, TUTH, TUTH, TUTH",{},"1:50 PM, 1:50 PM, 1:50 PM, 1:50 PM",90,3,EST,0,LEC,{},?,Communication for Engineers and Scientists,"95529, 54738, 92309, 52147"
"{B207, B207}","2:00 PM, 9:00 PM",327,NaN,0,?,6436c2a73023723180f7ebcb,"MW, TUTH",{},"3:20 PM, 10:20 PM",90,3,EST,0,LEC,{},?,"Systems Engineering Management, Elements of Product Design and Development","54861, 52222"
"{C107, C107, B207, B207}","2:00 PM, 3:30 PM, 2:00 PM, 3:30 PM",331,STAS,0,?,6436c2697efba14cf3f90076,"TUTH, TUTH, TUTH, TUTH",{},"3:20 PM, 4:50 PM, 3:20 PM, 4:50 PM",90,3,EST,0,LEC,{},?,Engineering Ethics,"95419, ?, 92245, 52166"
"{B105, B204, B207, B207}","5:00 PM, 12:30 PM, 9:30 AM, 12:30 PM",392,SBS,0,?,6436c2697efba14cf3f9007b,"TUTH, TUTH, F, TUTH",{},"6:20 PM, 1:50 PM, 12:20 PM, 1:50 PM",90,3,EST,0,LEC,{},?,Engineering Economics,"95438, ?, 92264, 52041"
{B204},4:00 PM,583,NaN,0,?,6436c26b7efba14cf3f90091,F,{},6:50 PM,90,3,EST,0,LEC,{},?,National Energy Decision,96320
"{B203, B203}","1:00 PM, 7:00 PM",530,NaN,0,?,6436c2aa3023723180f7ebef,"F, TH",{},"3:50 PM, 9:50 PM",90,3,EMP,0,LEC,{},?,Intro of Big Data & Data Science for Technological Management,"54836, 52209"
"{B105, B207, B103, B103}","12:30 PM, 12:30 PM, 12:30 PM, 12:30 PM",101,NaN,0,?,6436c26c7efba14cf3f9009f,"TUTH, TUTH, TUTH, TUTH",{},"1:50 PM, 1:50 PM, 1:50 PM, 1:50 PM",90,3,MEC,0,LEC,{},?,Freshman Design Innovation,"95425, ?, 92251, 52124"
"{A114, B203}","2:00 PM, 2:00 PM",320,NaN,0,?,6436c26c7efba14cf3f900a5,"MW, MW",{},"3:20 PM, 3:20 PM",90,3,MEC,0,LEC,{},?,Num Methods Eng Des Anal,"95499, 92290"
"{A117, A117}","3:30 PM, 2:00 PM",440,"Partially: CER, ESI, EXP+, SBS+, SPK, STEM+, WRTD",0,?,6436c2ab3023723180f7ebfa,"TUTH, TUTH",{},"4:50 PM, 3:20 PM",90,3,MEC,0,LEC,{},?,Mechanical Engineering Design I,"54750, 56533"
"{B314, B618}","2:00 PM, 2:00 PM",441,NaN,0,?,6436c26c7efba14cf3f900ab,"TUTH, TUTH",{},"3:20 PM, 3:20 PM",91,3,MEC,0,LEC,{},?,Mechanical Engnrng Design II,"96454, 92489"
"{B105, B207}","9:00 AM, 5:00 PM",280,TECH,0,?,6436c2697efba14cf3f9006f,"TUTH, TUTH",{},"10:20 AM, 6:20 PM",90,3,EST,0,LEC,{},?,Fundmtls of Indstrl Engnrng,"95615, 92361"
"{B203, B313, B203, B105}","12:30 PM, 3:30 PM, 12:30 PM, 3:30 PM",320,STAS,0,?,6436c2697efba14cf3f90073,"TUTH, TUTH, TUTH, TUTH",{},"1:50 PM, 4:50 PM, 1:50 PM, 4:50 PM",90,3,EST,0,LEC,{},?,Communication Technology Systems,"95616, 54726, 92362, 52142"
"{B203, A312}","12:30 PM, 12:30 PM",325,STAS,0,?,6436c2a73023723180f7ebca,"TUTH, TUTH",{},"1:50 PM, 1:50 PM",90,3,EST,0,LEC,{},?,Technology in the Workplace,"54788, 52178"
"{B205, B204, B203}","9:00 AM, 9:00 AM, 9:00 AM",364,EXP+,0,?,6436c2697efba14cf3f90077,"MW, TUTH, MW",{},"10:20 AM, 10:20 AM, 10:20 AM",90,3,EST,0,LEC,{},?,How to Build a Startup,"95420, ?, 92246"
"{B205, A704, B105, B105}","10:30 AM, 3:30 PM, 5:00 PM, 9:00 AM",391,STAS,0,?,6436c2697efba14cf3f9007a,"MW, MW, TUTH, TUTH",{},"11:50 AM, 4:50 PM, 6:20 PM, 10:20 AM",90,3,EST,0,LEC,{},?,Technology Assessment,"95422, ?, 92248, 52110"
"{B203, B203, B204, C107}","5:00 PM, 10:30 AM, 3:30 PM, 10:30 AM",393,NaN,0,?,6436c2697efba14cf3f9007c,"MW, MW, MW, MW",{},"6:20 PM, 11:50 AM, 4:50 PM, 11:50 AM",90,1 to 3,EST,0,LEC,{},?,Project Management,"95423, ?, 92249, 52042"
{B204},9:00 AM,568,NaN,0,?,6436c2a93023723180f7ebdc,SA,{},11:50 AM,90,3,EST,0,LEC,{},?,Networked Communication Technologies,54795
"{B204, B204}","7:00 PM, 7:00 PM",569,NaN,0,?,6436c2a93023723180f7ebdd,"F, F",{},"9:50 PM, 9:50 PM",90,3,EST,0,LEC,{},?,Technology in the City,"54828, 52206"
"{B207, B204}","7:00 PM, 7:00 PM",581,NaN,0,?,6436c26b7efba14cf3f90090,"M, M",{},"9:50 PM, 9:50 PM",90,3,EST,0,LEC,{},?,Heurist &Quant Decision Making,"95415, 92241"
"{B204, B204}","7:00 PM, 7:00 PM",582,NaN,0,?,6436c2a93023723180f7ebde,"M, M",{},"9:50 PM, 9:50 PM",90,3,EST,0,LEC,{},?,Introduction to Systems Concepts,"54599, 52038"
"{-, -, -, -}","-, -, -, -",697,NaN,0,?,6436c26b7efba14cf3f90093,"HTBA, HTBA, HTBA, HTBA",{},"-, -, -, -",,1 to 9,EST,0,SUP,{},?,Directed Study,
"{B204, B204}","7:00 PM, 7:00 PM",517,NaN,0,?,6436c26c7efba14cf3f9009d,"F, F",{},"9:50 PM, 9:50 PM",90,3,EMP,0,LEC,{},?,Quality and Value Management,"95624, 92367"
"{B103, B103}","12:30 PM, 12:30 PM",102,NaN,0,?,6436c2aa3023723180f7ebf1,"F, F",{},"2:20 PM, 2:20 PM",90,2,MEC,0,LEC,{},?,Engineering Computing and Problem Solving,"54699, 52125"
"{A115, A115, A211, B103}","2:00 PM, 3:10 PM, 2:00 PM, 2:00 PM",203,NaN,0,?,6436c26c7efba14cf3f900a0,"TH, W, TH, TH",{},"4:50 PM, 6:00 PM, 4:50 PM, 4:50 PM",90,3,MEC,0,LEC,{},?,Engineering Graphics and CAD,"95426, 54700, 92252, 52126"
"{B1093, B1093}","5:00 PM, 5:00 PM",226,NaN,0,?,6436c26c7efba14cf3f900a1,"TH, TH",{},"6:20 PM, 6:50 PM",L90,1,MEC,0,LAB,{},?,Modern Machining Practices,"95578, 92346"
"{C107, B206}","10:00 AM, 3:30 PM",300,NaN,0,?,6436c2aa3023723180f7ebf3,"M, TU",{},"11:50 AM, 5:20 PM",90,2,MEC,0,LEC,{},?,Professional Conduct for Engineers,"54743, 52150"
"{B206, B206}","3:30 PM(5:00 PM), 3:30 PM(5:00 PM)",305,NaN,0,?,6436c2aa3023723180f7ebf4,"MW(RECW), MW(RECM)",{},"4:50 PM(5:55 PM), 4:50 PM(5:55 PM)",90(R90),3,MEC,0,LEC(REC),{},?,Heat and Mass Transfer,"54745(54744), 52152(52151)"
"{B205(B206), B313(B313)}","2:00 PM(5:00 PM), 2:00 PM(5:00 PM)",364,NaN,0,?,6436c26c7efba14cf3f900a7,"TUTH(RECW), TUTH(RECW)",{},"3:20 PM(5:55 PM), 3:20 PM(5:55 PM)",90(R90),3,MEC,0,LEC(REC),{},?,Intro to Fluid Mechanics,"95504(95505), 92295(92296)"
"{B105, B206}","12:30 PM, 12:30 PM",410,NaN,0,?,6436c2ab3023723180f7ebf7,"TUTH, TUTH",{},"1:50 PM, 1:50 PM",90,3,MEC,0,LEC,{},?,Design of Machine Elements,"54747, 52154"
"{-, A117}","9:00 AM, 9:00 AM",450,NaN,0,?,6436c2ab3023723180f7ebfb,"F, F",{},"11:50 AM, 11:50 AM",90,3,MEC,0,LEC,{},?,Mechatronics,"54829, 52207"
"{B313, B105, B205, B205}","2:00 PM, 10:30 AM, 2:00 PM, 10:30 AM",204,TECH,0,?,6436c2697efba14cf3f9006b,"TUTH, TUTH, TUTH, TUTH",{},"3:20 PM, 11:50 AM, 3:20 PM, 11:50 AM",90,3,EST,0,LEC,{},?,Modern Digital Technology and Innovation,"96475, 54860, 92500, 52221"
"{A313, A313, A313, A115}","12:30 PM, 2:00 PM, 9:00 PM, 2:00 PM",305,NaN,0,?,6436c2697efba14cf3f90071,"TUTH, MW, TUTH, MW",{},"1:50 PM, 3:20 PM, 10:20 PM, 3:20 PM",90,3,EST,0,LEC,{},?,Applications Software for Information Management,"95441, 54601, 92267, 52040"
"{A211, A211, A312, A312}","10:30 AM, 10:30 AM, 10:30 AM, 10:30 AM",310,TECH,0,?,6436c2697efba14cf3f90072,"MW, MW, MW, MW",{},"11:50 AM, 11:50 AM, 11:50 AM, 11:50 AM",90,3,EST,0,LEC,{},?,Design of Computer Games,"95577, ?, 92345, 52108"
"{B103, B105, B205, B204}","2:00 PM, 2:00 PM, 2:00 PM, 2:00 PM",371,NaN,0,?,6436c2697efba14cf3f90078,"MW, TUTH, MW, F",{},"3:20 PM, 3:20 PM, 3:20 PM, 4:50 PM",90,3,EST,0,LEC,{},?,Data Science Management,"95421, 54789, 92247, 52179"
"{A312, A114, B313, C105}","10:30 AM, 10:30 AM, 10:30 AM, 10:30 AM",440,"Partially: CER, ESI, EXP+, SBS+, SPK, STEM+, WRTD",0,?,6436c2a83023723180f7ebce,"TUTH, TUTH, TUTH, TUTH",{},"11:50 AM, 11:50 AM, 11:50 AM, 11:50 AM",90,1 to 3,EST,0,LEC,{},?,Interdisciplinary Research Methods,"95424, 54604, 92250, 52043"
"{-, -, -}","-, -, -",475,EXP+,0,?,6436c26a7efba14cf3f9007f,"APPT, APPT, APPT",{},"-, -, -","T104, T90, T93",3,EST,0,TUT,{},?,Undergraduate Teaching Practicum (Tutorial),"95682, 96951, 56743"
"{-, -, -, -}","-, -, -, -",488,EXP+,0,?,6436c26a7efba14cf3f90080,"APPT, APPT, APPT, APPT",{},"-, -, -, -",,1 to 3,EST,0,TUT,{},?,Internship in Tech & Society,
"{-, -, -, -}","-, -, -, -",499,EXP+,0,?,6436c26a7efba14cf3f90085,"APPT, APPT, APPT, APPT",{},"-, -, -, -",,0 to 3,EST,0,TUT,{},?,Research in Tech & Society,
{B206},4:00 PM,561,NaN,0,?,6436c2a93023723180f7ebdb,TH,{},6:50 PM,90,3,EST,0,LEC,{},?,Sensing Technologies for Disater Risk Reduction,56246
{-},-,599,NaN,0,?,65e6b3edee7bd45c98acc77a,APPT,{},-,T90,1 to 12,EST,0,TUT,{},?,Special Projects and Topics - Artificial Intelligence in Ed,97377
"{B204, B104}","7:00 PM(8:30 PM), 5:00 PM(6:30 PM)",501,NaN,0,?,6436c26b7efba14cf3f9009b,"TH(TH), TH(TH)",{},"8:20 PM(9:50 PM), 6:20 PM(7:50 PM)",90(S90),3,EMP,0,LEC(SEM),{},?,Behav & Organz Aspects of Mgmt,"96322(96427), 92465(92486)"
"{B204, B204}","7:00 PM, 7:00 PM",502,NaN,0,?,6436c2aa3023723180f7ebee,"W, W",{},"9:50 PM, 9:50 PM",90,3,EMP,0,LEC,{},?,Engineering Economics,"54859, 52220"
"{A114, A312}","3:30 PM, 3:30 PM",325,NaN,0,?,6436c26c7efba14cf3f900a6,"MW, MW",{},"4:50 PM, 4:50 PM",90,3,MEC,0,LEC,{},?,Manufacturing Processes,"95612, 92360"
{B618},10:30 AM,455,NaN,0,?,65ea0dff50d4111ca6f57af9,MW,{},11:50 AM,90,3,MEC,0,LEC,{},?,Applied Stress Analysis,56480
{B205},12:30 PM,507,NaN,0,?,6436c26d7efba14cf3f900b6,TUTH,{},1:50 PM,90,3,MEC,0,LEC,{},?,Mathematical Methods I,96397
"{A704, A117}","10:30 AM, 12:30 PM",510,NaN,0,?,6436c2ab3023723180f7ebfe,"TUTH, F",{},"11:50 AM, 3:20 PM",90,3,MEC,0,LEC,{},?,Object-Oriented Programming for Scientists and Engineers,"56222, 52367"
{B618},10:30 AM,541,NaN,0,?,6436c2ab3023723180f7ebff,MW,{},11:50 AM,90,3,MEC,0,LEC,{},?,Elasticity,56261
{B104},12:30 PM,637,NaN,0,?,65ea0d9750d4111ca6f57af8,TUTH,{},1:50 PM,90,3,MEC,0,LEC,{},?,Special Topics in Precision Engineering,57071
"{-, -, -, -}","-, -, -, -",698,NaN,0,?,6436c26d7efba14cf3f900c0,"APPT, APPT, APPT, APPT",{},"-, -, -, -",T90,1 to 3,MEC,0,TUT,{},?,Practicum in Teaching II,"95635, ?, 92373, 52227"
"{A704, A704}","9:00 AM, 9:00 AM",154,ARTS,0,?,65eada2650d4111ca6f57b01,"MW, TUTH",{},"11:50 AM, 11:50 AM",90,3,ARS,0,LAB,{},?,Foundations: Drawing,"96982, 56470"
"{A115, A115, A115, A724}","9:00 AM(12:30 PM), 9:00 AM(12:30 PM), 9:00 AM(12:30 PM), 9:00 AM(12:30 PM)",225,ARTS; TECH,0,?,6436c26d7efba14cf3f900ca,"W(F), W(F), W(F), W(F)",{},"11:50 AM(3:20 PM), 11:50 AM(3:20 PM), 11:50 AM(3:20 PM), 11:50 AM(3:20 PM)","90(L90), 90(L90), 90(L90), 90(L90)",3,ARS,0,LEC(LAB),{},?,Introduction to Digital Art,"95670(95669), 56223(56224), 88863(88862), 49113(49114)"
"{A704(A724), B314(A724), A114, A114}","9:00 AM(10:30 AM), 9:00 AM(10:30 AM), 9:00 AM(11:00 AM), 9:30 AM(11:00 AM)",112,LANG,0,?,6436c26e7efba14cf3f900d8,"MW(RECM), MW(RECM), MW(RECM), MW(RECM)",{},"10:20 AM(11:25 AM), 10:20 AM(11:25 AM), 10:50 AM(11:55 AM), 11:00 AM(11:55 AM)",90(R90),4,CHI,0,LEC(REC),{},?,Elementary Chinese II,"95568(95569), 54783(54784), 88842(88843), 48443(48444)"
"{A114, A114}","3:30 PM, 3:30 PM",151,NaN,0,?,6436c26e7efba14cf3f900ce,"TH, TH",{},"5:20 PM, 5:20 PM",S90,2,CAR,0,SEM,{},?,Career & Life Design I,"96398, 94605"
"{B105, A114, A114, A114}","10:00 AM, 3:30 PM, 10:00 AM, 3:30 PM",251,NaN,0,?,6436c26e7efba14cf3f900cf,"F, TH, F, TH",{},"11:50 AM, 5:20 PM, 11:50 AM, 5:20 PM",S90,2,CAR,0,SEM,{},?,Career & Life Design II - Employability Skills,"96339, 56204, 94603, 54089"
"{B103, A312}","10:30 AM, 10:30 AM",198,NaN,0,?,6436c2ae3023723180f7ec0c,"TUTH, TUTH",{},"11:50 AM, 11:50 AM",90,3,ESG,0,LEC,{},?,Fundamentals of Engineering Chemistry,"54701, 52127"
"{C103, C107}","3:30 PM(12:30 PM), 3:30 PM(12:30 PM)",103,DIV; SBS; USA,0,?,6436c26f7efba14cf3f900e7,"TUTH(RETH), TUTH(RETH)",{},"4:25 PM(1:25 PM), 4:25 PM(1:25 PM)",90(R90),3,HIS,0,LEC(REC),{},?,American History to 1877,"95593(95592), 88847(88846)"
{C105},9:00 AM,237,STAS,0,?,65eadde050d4111ca6f57b04,MW,{},10:20 AM,90,3,HIS,0,LEC,{},?,"Science, Technology, and Medicine in Western Civilization I",96941
"{B204, A724, A704, A724}","10:30 AM, 2:00 PM, 2:00 PM, 2:00 PM",103,NaN,0,?,6436c26f7efba14cf3f900ed,"MW, MW, MW, MW",{},"11:50 AM, 3:20 PM, 3:20 PM, 3:20 PM",90,3,MAP,0,LEC,{},?,Proficiency Algebra,"95521, 54801, 88830, 48445"
"{B103, B103, C107, C103}","10:30 AM(12:30 PM), 10:30 AM(12:30 PM), 10:30 AM(12:30 PM), 10:30 AM(12:30 PM)",122,QPS,0,?,6436c26f7efba14cf3f900ee,"MW(RECM), MW(RECM), MW(RECM), MW(RECM)",{},"11:50 AM(1:25 PM), 11:50 AM(1:25 PM), 11:50 AM(1:25 PM), 11:50 AM(1:25 PM)",90(R90),3,MAT,0,LEC(REC),{},?,Overview of Calculus with Appl,"95523(95522), 54766(54765), 88832(88831), 48439(48438)"
"{C105, C103, C107, C103}","9:00 AM, 9:00 AM, 9:00 AM, 9:00 AM",101,GLO; SBS,0,?,6436c2707efba14cf3f900fd,"W, TH, TUTH, MW",{},"11:50 AM, 11:50 AM, 10:20 AM, 10:20 AM",90,3,POL,0,LEC,{},?,World Politics,"95528, 56262, 88834, 56485"
"{C303, C303, C303, C303}","9:00 AM/11:30 AM, 11:30 AM/9:00 AM, 9:00 AM/11:30 AM, 9:00 AM/11:30 AM",133,NaN,0,?,6436c2707efba14cf3f900fa,"F, F, F, F",{},"11:20 AM/1:50 PM, 9:00 AM/11:20 AM, 11:20 AM/1:50 PM, 11:20 AM/1:50 PM","L90/L91, L90/L91, L90/L91, L90/L91",1,PHY,0,LAB,{},?,Classical Physics Laboratory I,"95478/95479, 54691/54692, 88818/88819, 48416/48417"
"{C303, C303, C303, C303}","2:00 PM, 2:00 PM, 2:00 PM, 2:00 PM",134,NaN,0,?,6436c2707efba14cf3f900fc,"W, W, W, W",{},"4:20 PM, 4:20 PM, 4:20 PM, 4:20 PM","L91, L90, L91, L90",1,PHY,0,LAB,{},?,Classical Physics Lab II,"95477, 54693, 88817, 48418"
"{B206, B206}","10:30 AM/2:00 PM, 10:30 AM/2:00 PM",101,Partially fulfills: WRT,0,?,65ead65250d4111ca6f57afe,"TUTH/MW, TUTH",{},"11:50 AM/3:20 PM, 11:50 AM/3:20 PM",,3,WRT,0,LEC,{},?,Introductory Writing Workshop - Yeji Seok,","
{A117},10:30 AM,101,Partially fulfills: WRT,0,?,65f6598050d4111ca6f57b18,MW,{},11:50 AM,,3,WRT,0,LEC,{},?,Introductory Writing Workshop - Cassandra Santos,","
"{B104/B205, B104/B204}","2:00 PM/10:30 AM, 2:00 PM/10:30 AM",102,WRT,0,?,65ead96f50d4111ca6f57b00,"MW/TUTH, MW",{},"3:20 PM/11:50 AM, 3:20 PM/11:50 AM",,3,WRT,0,LEC,{},?,Intermediate Writing Workshop - Terence Oliga,","
"{A116, A117, A116, B313/B313/A116}","9:00 AM/2:00 PM, 9:00 AM/3:30 PM, 9:00 AM/10:30 AM/2:00 PM, 9:00 AM/10:30 AM/3:30 PM",194,NaN,0,?,6436c2707efba14cf3f90105,"MW, MW, MW, TUTH",{},"10:20 AM/3:20 PM, 10:20 AM/4:50 PM, 10:20 AM/11:50 AM/3:20 PM, 10:20 AM/11:50 AM/4:50 PM",,3,WAE,0,LEC,{},?,Advanced Writing Academic Eng - Christopher Houghton,","
{A724},3:30 PM,464,NaN,0,?,65e81555ee7bd45c98acc77d,TUTH,{},4:50 PM,90,3,MEC,0,LEC,{},?,Fundamentals of Aerodynamics,97042
"{-, -}","-, -",488,EXP+,0,?,6436c26c7efba14cf3f900ac,"APPT, APPT",{},"-, -",T90,3 to 9,MEC,0,TUT,{},?,Mechanical Engnrng Internship,"95689, 92395"
{B204},12:30 PM,501,NaN,0,?,6436c26d7efba14cf3f900b5,F,{},3:20 PM,90,3,MEC,0,LEC,{},?,Conv Heat Transfer and Exchang,95623
{B313},12:30 PM,502,NaN,0,?,6436c2ab3023723180f7ebfd,M,{},3:20 PM,90,3,MEC,0,LEC,{},?,Conduction and Radiation Heat Transfer,54900
{A312},9:00 AM,529,NaN,0,?,65e815acee7bd45c98acc77f,MW,{},10:20 AM,,3,MEC,0,LEC,{},?,Introduction to Robotics: Theory and Applications,97005
{B104},12:30 PM,696,NaN,0,?,6436c2ac3023723180f7ec01,TUTH,{},1:50 PM,T90,3,MEC,0,TUT,{},?,Special Problems in Mechanical Engineering,56521
"{A211, C105}","9:00 AM(10:00 AM), 9:00 AM(10:00 AM)",203,ARTS;GLO,0,?,65eadc4f50d4111ca6f57b02,"TUTH(RETUTH), TUTH(RETUTH)",{},"9:50 AM(10:30 AM), 9:50 AM(10:30 AM)",90(R90),3,ARH,0,LEC(REC),{},?,Arts of Asia,"96963(96964), 56468(56469)"
"{A114, A114, B313, A115}","9:00 AM, 9:00 AM, 9:00 AM, 9:00 AM",205,ARTS,0,?,6436c26d7efba14cf3f900c9,"MF, MF, MF, MF",{},"11:50 AM, 11:50 AM, 11:50 AM, 11:50 AM",L90,3,ARS,0,LAB,{},?,Foundations: Idea and Form,"95668, 54904, 88861, 48462"
"{C105, C103, C105, C107}","9:00 AM, 9:00 AM, 9:00 AM, 2:00 PM",201,SNW,0,?,6436c26e7efba14cf3f900cd,"TUTH, MW, TUTH, TUTH",{},"10:20 AM, 10:20 AM, 10:20 AM, 3:20 PM",90,3,BIO,0,LEC,{},?,Organisms to Ecosystems,"95448, 54695, 88802, 48419"
"{A724, B314, A114, A114}","5:00 PM(6:30 PM)/2:00 PM(3:30 PM)/10:30 AM(9:30 AM)/2:00 PM(3:30 PM), 2:00 PM(3:30 PM)/10:30 AM(9:30 AM)/5:00 PM(6:30 PM), 4:30 PM(3:30 PM)/2:00 PM(3:30 PM)/10:30 AM(9:30 AM)/2:00 PM(3:30 PM), 1:30 PM(3:00 PM)/10:30 AM(9:30 AM)/2:00 PM(3:30 PM)",111,Partially fulfills: LANG,0,?,6436c26e7efba14cf3f900d0,"MW(RECM)/TUTH(RETU)/TUTH(RETH)/MW(RECW), TUTH(RETU)/TUTH(RETH)/MW(RECM), MW(RECM)/TUTH(RECTU)/TUTH(RECTH)/MW(RECW), TUTH(TU)/TUTH(TH)/MW(M)",{},"6:20 PM(7:25 PM)/3:20 PM(4:25 PM)/11:50 AM(10:25 AM)/3:20 PM(4:25 PM), 3:20 PM(4:25 PM)/11:50 AM(10:25 AM)/6:20 PM(7:25 PM), 5:50 PM(4:20 PM)/3:20 PM(4:25 PM)/11:50 AM(10:25 AM)/3:20 PM(4:25 PM), 2:50 PM(3:55 PM)/11:50 AM(10:25 AM)/3:20 PM(4:25 PM)","90(R90)/91(R91)/92(R92)/93(R93), 90(R90)/91(R91)/92(R92)",4,CHI,0,LEC(REC),{},?,Elementary Chinese I,"95542(95541)/95566(95567)/95600(95599)/95688(95687), 54763(54762)/54781(54782)/56205(56206), 88836(88835)/88840(88841)/88851(88850)/88866(88865), 48436(48435)/48441(48442)/49109(49110)"
{C107},9:00 AM(10:00 AM),102,"GLO, SBS",0,?,6436c2ae3023723180f7ec0f,MW(RECW),{},9:55 AM(10:55 AM),90(R90),3,HIS,0,LEC(REC),{},?,"Modern European History, 18th c. to the Present",56227(56228)
"{C105, A704, A211, B203}","9:00 AM/12:00 PM, 12:00 PM/9:00 AM, 9:00 AM/12:00 PM, 9:00 AM/12:00 PM",220,GLO; HUM; LANG,0,?,6436c26f7efba14cf3f900eb,"M, M, M, M",{},"11:50 AM/2:50 PM, 2:50 PM/11:50 AM, 11:50 AM/2:50 PM, 11:50 AM/2:50 PM","90/91, 90/91, 90/91, 90/91",3,KOR,0,LEC,{},?,Intermediate Heritage Korean,"95493/95680, 54764/56245, 88828/88864, 48437/49119"
"{C107, C107, C105, C105}","5:00 PM(12:30 PM), 5:00 PM(12:30 PM), 5:00 PM(10:30 AM), 5:00 PM(12:30 PM)",123,QPS,0,?,6436c26f7efba14cf3f900f0,"MW(RECM), MW(RECM), MW(RECM), MW(RECM)",{},"6:20 PM(1:25 PM), 6:20 PM(1:25 PM), 6:20 PM(11:25 AM), 6:20 PM(1:25 PM)",90(R90),3,MAT,0,LEC(REC),{},?,Precalculus,"95491(95492), 54696(54697), 88826(88827), 48420(48421)"
{A117},9:00 AM,581,NaN,0,?,6436c26f7efba14cf3f900f4,F,{},11:50 AM,90,3,OAE,0,LEC,{},?,Oral Acad. English (Int.),95449
"{A117, A116}","9:00 AM, 9:00 AM",585,NaN,0,?,6436c2707efba14cf3f900f5,"F, F",{},"11:50 AM, 11:50 AM",90,3,OAE,0,LEC,{},?,Oral Acad. English (Advanced),"95450, 54871"
"{B314, B314}","9:00 AM, 9:00 AM",111,Partially fulfills: LANG,0,?,65eadf8850d4111ca6f57b08,"MW, MW",{},"10:50 AM, 10:50 AM",90,4,SPN,0,LEC,{},?,Elementary Spanish I,"97192, 56534"
"{B104, A117}","10:30 AM, 10:30 AM",101,Partially fulfills: WRT,0,?,6436c2717efba14cf3f9010d,"MW, MW",{},"11:50 AM, 11:50 AM",,3,WRT,0,LEC,{},?,Introductory Writing Workshop - Hyun-ju Kim,
"{B104, B206, B104/B206/B104/B104, B104}","9:00 AM/10:30 AM/2:00 PM, 9:00 AM/10:30 AM/2:00 PM, 9:00 AM/10:30 AM/10:30 AM/2:00 PM, 9:00 AM/10:30 AM",102,WRT,0,?,6436c2717efba14cf3f90111,"TUTH, TUTH, TUTH/MW/TUTH/TUTH, TUTH",{},"10:20 AM/11:50 AM/3:20 PM, 10:20 AM/11:50 AM/3:20 PM, 10:20 AM/11:50 AM/11:50 AM/3:20 PM, 10:20 AM/11:50 AM",,3,WRT,0,LEC,{},?,Intermediate Writing Workshop - Timothy Fletcher,","
"{B206, A116}","10:30 AM/2:00 PM, 2:00 PM/3:30 PM",102,WRT,0,?,6436c2717efba14cf3f90112,"TUTH, TUTH",{},"11:50 AM/3:20 PM, 3:20 PM/4:50 PM",,3,WRT,0,LEC,{},?,Intermediate Writing Workshop - Andrew Schenck,
{B104/B205/A703},2:00 PM/3:30 PM/3:30 PM,102,WRT,0,?,65f65b8950d4111ca6f57b19,TUTH/TUTH/MW,{},3:20 PM/4:50 PM/4:50 PM,,3,WRT,0,LEC,{},?,Intermediate Writing Workshop - Corrine Spencer,","
"{A117, A116, A116/A116/A116/B206, A116}","3:30 PM/10:30 AM/9:00 AM, 2:00 PM/10:30 AM/9:00 AM, 9:00 AM/10:30 AM/3:30 PM/9:00 AM, 2:00 PM/10:30 AM/9:00 AM/3:30 PM",194,NaN,0,?,6436c2707efba14cf3f90108,"MW, MW, TUTH/TUTH/TUTH/MW, MW",{},"4:50 PM/11:50 AM/10:20 AM, 3:20 PM/11:50 AM/10:20 AM, 10:20 AM/11:50 AM/4:50 PM/10:20 AM, 3:20 PM/11:50 AM/10:20 AM/4:50 PM",,3,WAE,0,LEC,{},?,Advanced Writing Academic Eng - Lindsay Dennison,","
"{-, -, -, -}","-, -, -, -",499,NaN,0,?,6436c26c7efba14cf3f900ae,"APPT, APPT, APPT, APPT",{},"-, -, -, -",,0 to 3,MEC,0,TUT,{},?,Research in Mechanical Engnrng,
{B618},10:30 AM,536,NaN,0,?,6436c26d7efba14cf3f900b7,MW,{},11:50 AM,90,3,MEC,0,LEC,{},?,Mechanics of Solids,96315
"{B105, A117}","9:00 AM, 9:00 AM",550,NaN,0,?,6436c2ab3023723180f7ec00,"F, F",{},"11:50 AM, 11:50 AM",90,3,MEC,0,LEC,{},?,Mechatronics,"54835, 52208"
{B314},3:30 PM,560,NaN,0,?,65ea0f3350d4111ca6f57afc,M,{},6:20 PM,90,3,MEC,0,LEC,{},?,Advanced Control Systems,56871
{A724},3:30 PM,564,NaN,0,?,65e8162dee7bd45c98acc782,TUTH,{},4:50 PM,90,3,MEC,0,LEC,{},?,Fundamentals of Aerodynamics,97201
"{-, -, -, -}","-, -, -, -",599,NaN,0,?,6436c26d7efba14cf3f900b9,"APPT, APPT, APPT, APPT",{},"-, -, -, -",,1 to 12,MEC,0,TUT,{},?,Research,
"{-, -, -, -}","-, -, -, -",691,NaN,0,?,6436c26d7efba14cf3f900bf,"HTBA, HTBA, HTBA, HTBA",{},"-, -, -, -",S90,NaN,MEC,0,SEM,{},?,Mechanical Engineering Seminar,"95524, ?, 92307, 52164"
"{A704, A724}","10:30 AM(9:30 AM), 10:30 AM(9:30 AM)",332,NaN,0,?,6436c26f7efba14cf3f900e0,"TUTH(RECTU), TUTH(RECTU)",{},"11:50 AM(10:25 AM), 11:50 AM(10:25 AM)",90(R90),3,ESG,0,LEC(REC),{},?,Materials Sci I: Struct & Prop,"95538(95537), 92318(92317)"
{C107},9:00 AM(10:00 AM),101,GLO; SBS,0,?,6436c26f7efba14cf3f900e5,MW(RECW),{},9:55 AM(10:55 AM),90(R90),3,HIS,0,LEC(REC),{},?,Ancient Mesopotamia to Early Modern Europe,96318(96319)
{C105},9:00 AM,238,STAS,0,?,65ebefef50d4111ca6f57b0c,MW,{},10:20 AM,90,3,HIS,0,LEC,{},?,"Science, Technology, and Medicine in Western Civilization II",56478
"{C103, C103, C103, C107}","9:30 AM, 9:30 AM, 9:30 AM, 9:30 AM",105,ARTS,0,?,6436c26f7efba14cf3f900f3,"TU, TU, TU, TU",{},"12:30 PM, 12:20 PM, 12:30 PM, 12:20 PM",90,3,MUS,0,LEC,{},?,Music Cultures of the World,"95545, 54802, 88837, 48446"
"{C103, C103, C103, C105}","2:00 PM, 2:00 PM, 2:00 PM, 2:00 PM",102,SBS; USA,0,?,6436c2707efba14cf3f900fe,"MW, MW, MW, MW",{},"3:20 PM, 3:20 PM, 3:20 PM, 3:20 PM",90,3,POL,0,LEC,{},?,Intro to American Government,"95476, 56263, 88816, 56486"
"{A211, A211, B105, A211}","10:30 AM(9:30 AM), 10:30 AM(9:30 AM), 10:30 AM(9:30 AM), 10:30 AM(9:30 AM)",131,SNW,0,?,6436c2707efba14cf3f900f6,"TUTH(RECW), TUTH(RECW), TUTH(RECW), TUTH(RECW)",{},"11:50 AM(10:25 AM), 11:50 AM(10:25 AM), 11:50 AM(10:25 AM), 11:50 AM(10:25 AM)",90(R90),3,PHY,0,LEC(REC),{},?,Classical Physics I,"95484(95485), 88824(88825), 48413(48412)"
"{A211(A114), A211(A114), B105, A211}","9:00 AM(10:30 AM), 9:00 AM(10:30 AM), 9:00 AM(10:30 AM), 9:00 AM(10:30 AM)",132,SNW,0,?,6436c2707efba14cf3f900f8,"TUTH(RECW), TUTH(RECW), TUTH(RECW), TUTH(RECW)",{},"10:20 AM(11:25 AM), 10:20 AM(11:25 AM), 10:20 AM(11:25 AM), 10:20 AM(11:25 AM)","90(R90), 91(R91), 90(R90), 91(R91)",3,PHY,0,LEC(REC),{},?,Classical Physics II,"95480(95481), 88820(88821), 48414(48415)"
"{B206, B313}","2:00 PM/3:30 PM, 2:00 PM/3:30 PM",101,Partially fulfills: WRT,0,?,65ead69d50d4111ca6f57aff,"TUTH, MW/TUTH",{},"3:20 PM/4:50 PM, 3:20 PM/4:50 PM",,3,WRT,0,LEC,{},?,Introductory Writing Workshop - Adam White,","
"{A116, B104}","10:30 AM/2:00 PM/3:30 PM, 9:00 AM/2:00 PM/3:30 PM",101,Partially fulfills: WRT,0,?,6436c2707efba14cf3f9010b,"MW/TUTH/TUTH, TUTH",{},"11:50 AM/3:20 PM/4:50 PM, 10:20 AM/3:20 PM/4:50 PM",,3,WRT,0,LEC,{},?,Introductory Writing Workshop - Jessamine Price,
"{A117, B104}","9:00 AM/10:30 AM/2:00 PM, 10:30 AM/2:00 PM",101,Partially fulfills: WRT,0,?,6436c2707efba14cf3f9010c,"TUTH, TUTH",{},"10:20 AM/11:50 AM/3:20 PM, 11:50 AM/3:20 PM",,3,WRT,0,LEC,{},?,Introductory Writing Workshop - Terrence Oliga,
{B104},10:30 AM,102,WRT,0,?,6436c2b03023723180f7ec27,TUTH,{},11:50 AM,,3,WRT,0,LEC,{},?,Intermediate Writing Workshop - Jessamine Price,
"{B206, A117, A117}","10:30 AM/9:00 AM, 3:30 PM/9:00 AM, 3:30 PM/9:00 AM",192,NaN,0,?,6436c2af3023723180f7ec1d,"MW, TUTH, TUTH",{},"11:50 AM/10:20 AM, 4:50 PM/10:20 AM, 4:50 PM/10:20 AM",,3,WAE,0,LEC,{},?,High Intermediate Writing - Yeji Seok,","
"{B104, B104, A117, A117/A117/A704}","10:30 AM/2:00 PM/3:30 PM, 2:00 PM/3:30 PM, 2:00 PM/3:30 PM/9:00 AM, 2:00 PM/3:30 PM/10:30 AM",192,NaN,0,?,6436c2707efba14cf3f90102,"MW, MW, MW, MW",{},"11:50 AM/3:20 PM/4:50 PM, 3:20 PM/4:50 PM, 3:20 PM/4:50 PM/10:20 AM, 3:20 PM/4:50 PM/11:50 AM",,3,WAE,0,LEC,{},?,High Intermediate Writing - Hyun-ju Kim,","
"{B206, A117}","10:30 AM, 10:30 AM",194,NaN,0,?,6436c2707efba14cf3f90106,"MW, MW",{},"11:50 AM, 11:50 AM",,3,WAE,0,LEC,{},?,Advanced Writing Academic English - Andrew Lasher,
{B618},10:30 AM,530,NaN,0,?,65ea0e4150d4111ca6f57afa,MW,{},11:50 AM,90,3,MEC,0,LEC,{},?,Applied Stress Analysis,56482
{B618},10:30 AM,539,NaN,0,?,65e815f0ee7bd45c98acc781,MW,{},11:50 AM,90,3,MEC,0,LEC,{},?,Introduction to Finite Element Methods,96979
{B104},3:30 PM,559,NaN,0,?,65ea0ed850d4111ca6f57afb,MW,{},4:50 PM,90,3,MEC,0,LEC,{},?,Mobile Robotics and Autonomous Vehicles,56814
"{-, -, -, -}","-, -, -, -",699,NaN,0,?,6436c26d7efba14cf3f900c2,"APPT, APPT, APPT, APPT",{},"-, -, -, -",,1 to 9,MEC,0,TUT,{},?,Dissertation Resrch on Campus,
"{C103, C103, C105, C105}","12:30 PM, 12:30 PM, 12:30 PM, 12:30 PM",102,SNW,0,?,6436c26e7efba14cf3f900cc,"F, F, F, F",{},"3:20 PM, 3:20 PM, 3:20 PM, 3:20 PM",90,3,ATM,0,LEC,{},?,Weather and Climate,"95544, ?, 54778, 93951, 53630"
"{B103, B103}","9:00 AM, 9:00 AM",120,SPK,0,?,65eadd1550d4111ca6f57b03,"MW, MW",{},"10:20 AM, 10:20 AM",90,3,COM,0,LEC,{},?,Fundamentals of Public Speaking,"96939, 56471"
"{B207, C103, B203/C107, B103}","3:30 PM(2:00 PM)/10:30 AM(2:00 PM), 3:00 PM(2:00 PM), 3:00 PM(2:00 PM)/10:30 AM(12:00 PM), 3:00 PM(2:00 PM)",108,SBS,0,?,6436c26e7efba14cf3f900da,"TUTH(RETU)/TUTH(RETH), TU(RETU), TU(RECTU)/TUTH(RECTU), TU(RECTU)",{},"4:50 PM(2:55 PM)/11:50 AM(2:55 PM), 5:50 PM(2:55 PM), 5:50 PM(2:55 PM)/11:50 AM(12:55 PM), 5:50 PM(2:55 PM)","90(R90)/91(R91), 90(R90), 90(R90)/91(R91), 90(R90)",4,ECO,0,LEC(REC),{},?,Introduction to Economics,"95482(95483)/95634(95633), 54596(54597), 88822(88823)/88857(88856), 48410(48411)"
{B314},9:00 AM(10:30 AM),281,NaN,0,?,6436c26e7efba14cf3f900de,TUTH(RETU),{},10:20 AM(11:25 AM),90(R90),3,ESG,0,LEC(REC),{},?,Engnrng Intro to Solid State,95536(95535)
"{C105, C105, C103, C103}","9:30 AM/2:00 PM, 9:30 AM/1:00 PM, 2:00 PM/9:30 AM, 1:00 PM/9:30 AM",102,HUM,0,?,6436c26f7efba14cf3f900e2,"F, F, F, F",{},"12:20 PM/4:50 PM, 12:20 PM/3:50 PM, 4:50 PM/12:20 PM, 3:50 PM/12:20 PM","91/92, 90/91, 91/92, 90/91",3,FLM,0,LEC,{},?,Intro to Film and TV Composition,"95681/96400, 54682/56244, 94105/94115, 54914/54205"
"{C103, C103, C105, C105}","9:30 AM, 9:30 AM, 9:30 AM, 9:30 AM",102,SNW,0,?,6436c26f7efba14cf3f900e4,"F, F, F, F",{},"12:20 PM, 12:20 PM, 12:20 PM, 12:20 PM",90,3,GEO,0,LEC,{},?,The Earth,"95640, 54863, 88858, 48455"
"{C105, C105}","3:30 PM(12:30 PM), 3:30 PM(12:30 PM)",104,"DIV, SBS, USA",0,?,6436c2ae3023723180f7ec11,"TUTH(RETH), TUTH(RETH)",{},"4:25 PM(1:25 PM), 4:25 PM(1:25 PM)",90(R90),3,HIS,0,LEC(REC),{},?,United States Since 1877,"56220(56221), 49111(49112)"
"{A114, A724, A312, A724}","9:00 AM(10:30 AM), 9:00 AM(10:30 AM), 9:00 AM(10:30 AM), 9:00 AM(10:30 AM)",111,Partially fulfills: LANG,0,?,6436c26f7efba14cf3f900e9,"TUTH(RETU), TUTH(RETU), TUTH(RETU), TUTH(RETU)",{},"10:20 AM(11:25 AM), 10:20 AM(11:25 AM), 10:20 AM(11:25 AM), 10:20 AM(11:25 AM)",90(R90),4,KOR,0,LEC(REC),{},?,Elementary Korean I,"95663(95662), 54806(54805), 88860(88859), 48449(48448)"
{A312},12:30 PM(1:50 PM),112,Partially fulfills: LANG,0,?,65eade5a50d4111ca6f57b05,TUTH(RETH),{},1:50 PM(12:25 PM),90(R90),4,KOR,0,LEC(REC),{},?,Elementary Korean II,96945(96946)
{A724},12:30 PM,211,"GLO, LANG",0,?,65ebfaba50d4111ca6f57b0d,TUTH,{},1:50 PM,90,4,KOR,0,LEC,{},?,Intermediate Korean I,57075
"{B105, B207}","2:00 PM, 9:00 AM",200,STEM+,0,?,6436c26f7efba14cf3f900f2,"MW, TUTH",{},"3:20 PM, 10:20 AM",90,3,MAT,0,LEC,{},?,"Logic, Language and Proof","95589, 88844"
"{C103, B105}","12:30 PM, 12:30 PM",101,HUM,0,?,65eadeea50d4111ca6f57b06,"TU, TU",{},"3:20 PM, 3:20 PM",90,3,PHI,0,LEC,{},?,Historical Introduction to Western Philosophy,"97117, 56484"
"{A211, B204, B203, B203}","12:30 PM(2:00 PM), 12:30 PM(2:25 PM), 12:30 PM(2:20 PM), 12:30 PM(2:20 PM)",206,SBS+,0,?,6436c2707efba14cf3f90100,"TUTH(RETH), F(RECF), F(RECF), F(RECF)",{},"1:25 PM(2:55 PM), 2:20 PM(3:20 PM), 2:20 PM(3:15 PM), 2:20 PM(3:15 PM)",90(R90),3,SUS,0,LEC(REC),{},?,Economics and Sustainability,"95585(95586), 54833(54832), 93952(93953), 53632(53631)"
"{C107, C107, C107, C107}","3:00 PM, 3:00 PM, 12:00 PM, 12:00 PM",247,DIV; SBS,0,?,6436c2707efba14cf3f900ff,"F, F, F, F",{},"5:50 PM, 5:50 PM, 2:50 PM, 2:50 PM",90,3,SOC/WST,0,LEC,{},?,Sociology of Gender,"95595, 54830, 88848/88849, 48452&48453"
"{B206, B206}","9:00 AM, 9:00 AM",101,Partially fulfills: WRT,0,?,65ead5f550d4111ca6f57afd,"TUTH, TUTH",{},"10:20 AM, 10:20 AM",,3,WRT,0,LEC,{},?,Introductory Writing Workshop - Elizabeth May,","
